title,TL;DR,Methods Used,Results,"Revisar testes (Analise se a pesquisa aplicou testes praticos, e como foram realizados esses testes
)",Objectives,Findings,Contributions,Limitations,Practical Implications,Research Gap,Dataset,Problem Statement,Population Sample,Conclusions,Literature Survey,Dependent Variables,Independent Variables,Future Research
article_220515.pdf,"- A pesquisa investiga o impacto da gamificação no desempenho acadêmico e na aprendizagem autodirigida (SDL) dos alunos em um ambiente on-line, com foco em 29 estudantes de graduação não graduados em ciência da computação ao longo de cinco semanas. 
- Os resultados indicam melhorias significativas no desempenho acadêmico (p=0,000) e nos níveis de SDL (M=3,59 a M=4,22) após a intervenção.  
- O estudo destaca que a gamificação aumenta a motivação, a autogestão e o automonitoramento entre os alunos, apoiando assim o SDL.  
- As limitações incluem um pequeno tamanho de amostra e o foco em uma única instituição, sugerindo que pesquisas futuras poderiam explorar dados demográficos mais amplos. ","- A pesquisa empregou um método quantitativo para coleta de dados, utilizando pesquisas na forma de questionários como instrumento primário. 
- Um teste de pré e pós-avaliação foi realizado para analisar o desempenho acadêmico dos alunos após a intervenção de gamificação. 
- O nível de aprendizagem autodirigida (SDL) dos alunos foi avaliado por meio de uma pesquisa administrada antes e depois da experiência de aprendizagem gamificada. 
- O estudo utilizou amostragem intencional para selecionar um grupo de 29 alunos do segundo ano, não graduados em ciência da computação, para o experimento. 
- A análise de dados envolveu estatísticas descritivas e inferenciais para avaliar os resultados. ","- A pesquisa demonstrou uma melhora significativa no desempenho acadêmico dos alunos após a implementação da gamificação, com uma pontuação média pós-teste de 19,44 em comparação com uma média pré-teste de 15,66 (p=0,000)  . 
- Além disso, os níveis de aprendizagem autodirigida (SDL) dos alunos aumentaram significativamente, com SDL médio de pré-gamificação em 3,59 e SDL médio de pós-gamificação em 4,22 (p = 0,000)  . 
- O estudo concluiu que a gamificação influencia positivamente o desempenho acadêmico e a aprendizagem autodirigida em um ambiente de aprendizado on-line  .","- A pesquisa aplicou testes práticos na forma de avaliações pré-teste e pós-teste para medir o desempenho acadêmico dos alunos na programação Python. 
- Os testes de desempenho foram realizados antes e depois da intervenção de aprendizagem por gamificação para avaliar o impacto da gamificação nas pontuações dos alunos.  
- Os testes utilizaram um teste de amostra pareada (teste de classificação assinada de Wilcoxon) para analisar as diferenças nas pontuações, mostrando uma melhora significativa no desempenho acadêmico após a implementação da estratégia de gamificação.  
- Os resultados indicaram que a pontuação média do pós-teste (M=19,44) foi maior em comparação com o pré-teste (M=15,66), confirmando a eficácia da abordagem de gamificação.  ","- O objetivo principal da pesquisa é medir o efeito da gamificação no desempenho acadêmico dos alunos em um ambiente de aprendizado on-line. 
- Tem como objetivo investigar o nível de aprendizagem autodirigida (SDL) de alunos em um ambiente de aprendizagem de gamificação. 
- A pesquisa também busca analisar a relação entre os níveis de SDL dos alunos e suas experiências com a gamificação no processo de aprendizagem.  
- Além disso, ele se concentra em entender como a gamificação pode aumentar a motivação, a autogestão e o automonitoramento entre os alunos.  
- O estudo emprega métodos quantitativos, utilizando questionários e testes de desempenho para coleta de dados. ","- A pesquisa descobriu que a implementação da gamificação melhorou significativamente o desempenho acadêmico dos alunos, com um aumento notável nas pontuações pós-teste (M = 19,44) em comparação com as pontuações do pré-teste (M = 15,66) e uma diferença significativa (p = 0.000 < 0,05) entre os dois testes  .
- Os níveis de aprendizagem autodirigida (SDL) dos alunos também aumentaram significativamente após a estratégia de gamificação, com a média pré-teste (M = 3,59) subindo para a média pós-teste (M = 4,22) (p = 0,000 < 0,05)  .
- No geral, a estratégia de gamificação influenciou positivamente o desempenho acadêmico e o aprendizado autodirigido em um ambiente de aprendizado on-line  .","- A pesquisa destaca o crescimento do aprendizado on-line facilitado pela expansão da tecnologia da informação e comunicação (TIC), que permite flexibilidade e aprendizado autodirigido adaptado aos métodos de aprendizagem individuais. 
- Ele enfatiza a integração de aulas on-line com elementos baseados em jogos, aprimorando a experiência de ensino e aprendizagem. 
- O estudo demonstra que a gamificação influencia positivamente o desempenho acadêmico e os níveis de aprendizagem autodirigida dos alunos, particularmente em um ambiente on-line.  
- Ele identifica a importância da motivação na aprendizagem autodirigida, especialmente para alunos iniciantes que se envolvem com novos assuntos. ","- O tamanho da amostra do estudo foi limitado a apenas 29 estudantes não graduados em ciência da computação de uma única instituição de ensino superior, o que pode não representar uma população mais ampla. 
- A pesquisa se concentrou exclusivamente em alunos não graduados, deixando de fora os principais alunos de ciência da computação e outros níveis educacionais, o que poderia fornecer diferentes insights sobre a eficácia da gamificação. 
- Os desafios enfrentados pelos alunos em cursos de programação, como falta de motivação e compreensão, não foram totalmente abordados, indicando a necessidade de estratégias de ensino aprimoradas.  
- O estudo não explorou as atitudes e a prontidão tecnológica dos educadores em relação à gamificação, que é crucial para uma implementação eficaz. ","- A pesquisa destaca o potencial da gamificação para aprimorar a aprendizagem autodirigida (SDL) na educação on-line, sugerindo que os educadores podem implementar estratégias gamificadas para melhorar o engajamento e a motivação dos alunos. 
- Ele enfatiza a importância de fornecer aos alunos recursos que facilitem o SDL, o que é crucial para sua jornada de aprendizado ao longo da vida. 
- Os resultados indicam que a gamificação pode levar a melhorias significativas no desempenho acadêmico, conforme evidenciado pelo aumento nas pontuações pós-teste após a intervenção.  
- O estudo sugere que pesquisas futuras devem explorar a gamificação em diferentes níveis educacionais e disciplinas para validar ainda mais sua eficácia. ","- O tamanho da amostra do estudo foi limitado a apenas 29 alunos não graduados em ciência da computação de uma única instituição de ensino superior, o que pode não representar uma população mais ampla. Essa limitação sugere a necessidade de pesquisas futuras incluírem uma amostra maior e mais diversificada, como os principais alunos de ciência da computação ou estudantes dos níveis de ensino fundamental e médio. 
- Há uma falta de exploração das atitudes e da prontidão tecnológica dos educadores em relação à gamificação, o que é crucial para uma implementação eficaz. 
- O estudo não abordou os efeitos de longo prazo da gamificação na aprendizagem autodirigida e no desempenho acadêmico. ","- O estudo utilizou dois conjuntos de dados primários: um questionário e testes de desempenho. O questionário avaliou os níveis de aprendizagem autodirigida (SDL) dos alunos antes e depois da intervenção de gamificação.  
- Os testes de desempenho foram baseados em conceitos de programação Python, administrados como pré-testes e pós-testes para avaliar o desempenho acadêmico.  
- O questionário SDL compreendeu 26 perguntas na escala Likert, adaptadas da Self-Directed Learning Aptitude Scale (SDLAS), e foi testado em um pequeno grupo antes do estudo principal.  
- Os dados coletados desses instrumentos foram analisados para determinar os efeitos da gamificação no desempenho dos alunos e nos níveis de SDL. ","- A declaração do problema discutida no artigo gira em torno dos desafios enfrentados pelos alunos, particularmente estudantes não graduados em ciência da computação, no aprendizado de linguagens de programação, que geralmente são percebidas como difíceis e complexas.  
- Esses desafios incluem falta de motivação, compreensão deficiente dos conceitos de programação e tendência a desenvolver comportamentos dependentes de colegas, levando ao desligamento do curso.  
- A pesquisa visa abordar essas questões implementando uma estratégia de gamificação para aprimorar a aprendizagem autodirigida (SDL) e melhorar o desempenho acadêmico em um ambiente de aprendizado on-line.  ","- O tamanho da amostra da população na pesquisa foi de 29 alunos do segundo ano de graduação. 
- Esses alunos eram de um curso não importante de ciência da computação que estudava uma disciplina básica de linguagem de programação. 
- O método de amostragem usado foi um desenho de pesquisa pré-experimental envolvendo um único grupo. 
- O estudo utilizou métodos quantitativos para coleta de dados, especificamente por meio de pesquisas e testes de desempenho. 
- A amostra foi limitada a alunos de uma instituição de ensino superior, indicando um foco específico e restrito para a pesquisa. ","- A pesquisa conclui que a gamificação melhora significativamente o desempenho acadêmico dos alunos e a aprendizagem autodirigida em um ambiente on-line.  
- Ele destaca que a motivação e o comprometimento dos alunos são cruciais para alcançar excelentes resultados acadêmicos, especialmente em ambientes de aprendizado on-line.  
- O estudo demonstra que a aprendizagem gamificada pode envolver efetivamente os alunos, especialmente os iniciantes, ao fornecer motivação para iniciar sua jornada educacional.  
- No geral, a estratégia de gamificação demonstrou influenciar positivamente a aprendizagem autodirigida, tornando-a uma abordagem valiosa no ensino superior.  ","Os contextos fornecidos não contêm informações específicas sobre a revisão da literatura do artigo. Portanto, não é possível fornecer uma resposta detalhada sobre a revisão da literatura com base nas informações disponíveis.","- As variáveis dependentes do estudo incluem o desempenho acadêmico dos alunos, que foi medido por meio de um teste de desempenho baseado em conceitos de programação Python administrados antes e depois do ambiente de aprendizado gamificado. 
- Outra variável dependente é o nível de aprendizagem autodirigida (SDL) dos alunos, avaliado por meio de um questionário antes e depois da intervenção de gamificação.  
- O estudo também avaliou a experiência de gamificação dos alunos, que foi medida por meio de um questionário de experiência de gamificação após a intervenção.  
- Essas variáveis foram analisadas para determinar o impacto da estratégia de gamificação no engajamento e desempenho dos alunos. ","- As variáveis independentes do estudo incluem os elementos de gamificação introduzidos no ambiente de aprendizado on-line, especificamente pontos, classificações na tabela de classificação e emblemas. 
- Esses elementos foram projetados para aumentar o engajamento e a motivação dos alunos na experiência de aprendizagem gamificada. 
- O estudo também considera o nível de aprendizagem autodirigida (SDL) dos alunos como uma variável independente, pois foi medido antes e depois da intervenção de gamificação. 
- A relação entre essas variáveis independentes e o desempenho acadêmico dos alunos foi o foco principal da pesquisa. ","- Pesquisas futuras poderiam explorar os efeitos de longo prazo da gamificação no desempenho acadêmico dos alunos, além dos resultados imediatos após a intervenção. 
- Investigar o impacto de diferentes elementos de gamificação em várias características do aluno pode fornecer informações sobre como otimizar as experiências de aprendizagem gamificadas. 
- A pesquisa também pode se concentrar na eficácia da gamificação em diversos contextos educacionais e assuntos além da programação para avaliar sua aplicabilidade mais ampla. 
- Além disso, examinar o papel dos educadores na facilitação de ambientes de aprendizagem gamificados pode melhorar a compreensão das melhores práticas na implementação de tais estratégias. "
"INSTITUTO FEDERAL DE EDUCAÇÃO, CIÊNCIA E TECNOLOGIA DO SUL DE MINAS GERAIS - resolucaoo.90.2016.pdf","- O artigo descreve os critérios de avaliação para ensino e aprendizagem, enfatizando a transparência para os alunos no início do semestre  .
- Ele discute as responsabilidades do comitê do curso, incluindo o desenvolvimento de regulamentos internos  .
- O curso de Licenciatura em Computação visa aprofundar o conhecimento em computação e educação, com foco nas bibliografias atuais .
- O curso inclui um estágio supervisionado de 400 horas e uma carga horária total de 3.352 horas, com duração mínima de quatro anos .
- Destaca a importância da pesquisa e extensão alinhadas às necessidades do mercado e às políticas públicas  .",Não abordado no jornal.,Não abordado no jornal.,Não abordado no jornal.,"- O artigo tem como objetivo indicar possibilidades de inovação na formação de educadores usando fundamentos de tecnologia da informação e computação .
- Busca oferecer ensino superior de qualidade aos estudantes, permitindo que eles contribuam para o desenvolvimento econômico e social regional por meio do ensino de computação .
- Os objetivos incluem treinar graduados para ensinar tecnologia da informação no nível médio ou trabalhar no setor de tecnologia .
- Ele se concentra em equipar os graduados com o conhecimento técnico e pedagógico necessário para o ensino .
- O artigo visa desenvolver conteúdo específico em áreas como engenharia de software, desenvolvimento web e inteligência artificial .
- Também pretende ensinar essas disciplinas e criar soluções de computação educacional .","- O artigo indica que 50% do total de vagas são reservadas para inclusão social por meio de cotas de ação afirmativa  .
- Afirma que 40 vagas anuais são oferecidas, exigindo ensino médio completo para admissão .
- O curso inclui um estágio supervisionado de 400 horas e tem uma carga horária total de 3.352 horas .
- A duração mínima e máxima para a conclusão do curso é fixada em 4 e 8 anos, respectivamente .
- O artigo descreve o estabelecimento de regulamentos internos pelo comitê do curso  .","- O artigo discute trabalhos publicados em periódicos indexados e apresentações em eventos científicos  .
- Destaca experiências de gestão em comitês e entidades estudantis .
- A participação em cursos de curta duração é considerada uma contribuição  .
- A documentação das atividades teórico-práticas é necessária para reconhecimento de crédito .
- O resumo menciona um currículo estruturado com horários específicos e regulamentos de reconhecimento .",Não abordado no jornal.,"- Os alunos devem ser informados das regras e procedimentos pelo menos 30 dias antes do prazo de inscrição  . 
- O curso de Licenciatura em Computação oferece 40 vagas anuais e funciona no período noturno  . 
- O sistema de avaliação exige que os professores registrem as notas e a frequência de cada disciplina  . 
- O curso inclui um estágio supervisionado de 400 horas e uma carga horária total de 3.352 horas . 
- A duração do curso varia de um mínimo de 4 anos a um máximo de 8 anos .  ",Não abordado no jornal.,Não abordado no jornal.,Não abordado no jornal.,Não abordado no jornal.,"- Os alunos devem ser informados das normas e procedimentos pelo menos 30 dias antes do prazo final de inscrição .
- A nota final será uma média ponderada da média da disciplina e do exame final .
- O curso de Licenciatura em Computação oferece 40 vagas anuais e exige ensino médio completo para admissão  . 
- O estágio supervisionado consiste em 400 horas, com duração mínima de 4 anos e máxima de 8 anos .",Não abordado no jornal.,Não abordado no jornal.,Não abordado no jornal.,Não abordado no jornal.
chou111.pdf,"- O artigo explora a relação entre aprendizagem autodirigida (SDL) e desempenho acadêmico em ambientes de aprendizagem baseados na web por meio de seis estudos empíricos, três dos Estados Unidos e três da Ásia. 
- Os resultados indicam que a relação entre SDL e sucesso acadêmico é inconsistente, com apenas um caso mostrando uma forte correlação positiva. 
- Fatores como tamanho da amostra, confiabilidade da medição e dados demográficos dos alunos podem influenciar os resultados, sugerindo a necessidade de mais pesquisas para esclarecer essas relações. 
- O estudo enfatiza a importância de explorar fatores adicionais que afetam o desempenho acadêmico em contextos de e-learning. ","- O artigo de pesquisa utilizou uma metodologia de revisão da literatura para examinar seis estudos empíricos relacionados à aprendizagem autodirigida e ao desempenho acadêmico em ambientes baseados na web. 
- A seleção de casos envolveu a coleta de estudos empíricos de vários bancos de dados, com foco em artigos que abordaram especificamente o sucesso acadêmico em ambientes assíncronos baseados na web. 
- O estudo empregou abordagens quantitativas, usando principalmente a Escala de Prontidão para Aprendizagem Autodirigida (SDLRS) e o Inventário de Aprendizagem Continuada de Oddi (OCLI) para medir a aprendizagem autodirigida entre os participantes. 
- As sugestões de pesquisas futuras incluíram métodos qualitativos para compreensão aprofundada e meta-análise para exploração estatística dos resultados. ","- O artigo examina a relação entre aprendizagem autodirigida (SDL) e desempenho acadêmico em ambientes de aprendizagem baseados na web por meio de seis estudos empíricos. 
- Os resultados são inconsistentes; apenas um caso mostrou uma forte relação positiva entre SDL e sucesso acadêmico, enquanto outros não indicaram nenhuma correlação significativa. 
- Especificamente, os alunos autodirigidos não necessariamente alcançaram pontuações mais altas em aulas baseadas na web, sugerindo que o SDL pode não ser um preditor confiável de sucesso acadêmico nesse contexto. 
- Fatores como tamanho da amostra, estilos de aprendizagem e qualidade dos materiais on-line podem influenciar esses resultados, exigindo mais pesquisas.    ","- O artigo de pesquisa não menciona explicitamente a aplicação de testes práticos nos estudos revisados. 
- Ele se concentra na relação entre aprendizagem autodirigida e desempenho acadêmico em ambientes de aprendizagem baseados na web por meio de revisão da literatura e análise de estudos empíricos existentes. 
- Os instrumentos usados para medir a aprendizagem autodirigida incluem a Escala de Prontidão para Aprendizagem Autodirigida (SDLRS) e o Inventário de Aprendizagem Continuada de Oddi (OCLI), mas detalhes sobre testes práticos não são fornecidos. 
- O artigo destaca a necessidade de uma maior exploração dos fatores correlacionados ao desempenho acadêmico, sugerindo que o número de participantes nos estudos foi insuficiente, o que pode afetar os resultados.  ","- O objetivo principal do artigo de pesquisa é examinar a relação entre aprendizagem autodirigida e desempenho acadêmico, especificamente em ambientes de aprendizagem baseados na web. 
- O estudo visa identificar se a aprendizagem autodirigida serve como um fator chave que contribui para o desempenho acadêmico bem-sucedido nesses ambientes. 
- O artigo conduz uma análise aprofundada de seis estudos de caso empíricos, três dos Estados Unidos e três da Ásia, para explorar os efeitos divergentes da aprendizagem autodirigida no sucesso acadêmico. 
- Além disso, os autores sugerem que os estudos de acompanhamento devem abordar os possíveis problemas identificados em suas análises. ","- Os resultados da pesquisa indicam que o efeito da aprendizagem autodirigida no sucesso acadêmico em ambientes baseados na web varia entre os seis estudos de caso analisados. 
- Os estudos incluíram três dos Estados Unidos e três da Ásia, destacando uma gama diversificada de contextos. 
- O artigo sugere que a aprendizagem autodirigida é um indicador significativo do desempenho acadêmico, alinhando-se com pesquisas anteriores em ensino à distância não baseado na web. 
- Ele enfatiza a necessidade de estudos de acompanhamento para abordar possíveis problemas identificados durante a análise. ","- O artigo contribui para a compreensão da aprendizagem autodirigida como um preditor significativo do desempenho acadêmico, particularmente em ambientes de aprendizagem baseados na web. 
- Ele examina seis estudos de caso empíricos, três dos Estados Unidos e três da Ásia, para analisar a relação entre aprendizagem autodirigida e desempenho acadêmico. 
- As descobertas indicam que o efeito da aprendizagem autodirigida no sucesso acadêmico varia entre os diferentes estudos de caso, destacando a necessidade de mais pesquisas para abordar os possíveis problemas identificados. 
- O estudo enfatiza a importância da aprendizagem autodirigida na melhoria dos resultados educacionais em ambientes on-line. ","- O estudo indica que o desempenho de aprendizagem relatado pelos próprios alunos pode não refletir com precisão o sucesso acadêmico real, pois carece de avaliação pelos instrutores do curso. 
- Há uma notável falta de confiabilidade e validade da Escala de Prontidão para Aprendizagem Autodirigida (SDLRS) entre a população estudada, o que pode afetar os resultados. 
- As notas finais do curso das disciplinas da amostra foram positivamente distorcidas, e as razões para esse fenômeno permanecem desconhecidas. 
- Apenas um dos seis estudos de caso mostrou uma relação positiva entre aprendizagem autodirigida e sucesso acadêmico, indicando resultados divergentes entre os estudos.  ","- O artigo destaca a necessidade de mais estudos empíricos para explorar os fatores que afetam a relação entre a aprendizagem autodirigida e o desempenho acadêmico em ambientes baseados na web, já que os resultados dos estudos existentes são inconsistentes. 
- Isso sugere que pesquisadores e instrutores devem identificar estratégias de ensino viáveis para aprimorar a aprendizagem autodirigida, o que pode melhorar os resultados da aprendizagem em ambientes de e-learning.  
- As descobertas indicam que a aprendizagem autodirigida pode não ser um preditor confiável do sucesso acadêmico, levando a uma reavaliação dos métodos de avaliação e à necessidade de diversas abordagens para medir a aprendizagem autodirigida de forma eficaz.  
- No geral, o estudo enfatiza a importância de compreender vários fatores que influenciam o desempenho acadêmico em ambientes de aprendizagem on-line. ","- O artigo identifica a necessidade de estudos de acompanhamento para abordar possíveis problemas que foram destacados durante a análise dos seis estudos empíricos. 
- Ele observa que a relação entre aprendizagem autodirigida e desempenho acadêmico não é consistente entre os estudos, indicando uma lacuna na compreensão dos fatores que influenciam essa relação. 
- A confiabilidade e validade da Escala de Prontidão para Aprendizagem Autodirigida (SDLRS) entre a população estudada são questionadas, sugerindo a necessidade de métodos alternativos de avaliação. 
- O pequeno tamanho da amostra de apenas 17 alunos em um dos estudos levanta preocupações sobre a generalização das descobertas. ","Os contextos fornecidos não especificam nenhum conjunto de dados usado no estudo. Portanto, não é possível fornecer uma resposta detalhada sobre os conjuntos de dados utilizados na pesquisa.","- O artigo investiga a relação entre aprendizagem autodirigida e desempenho acadêmico em ambientes de aprendizagem baseados na web, com o objetivo de determinar se a aprendizagem autodirigida é um fator chave para o sucesso acadêmico.  
- Ele destaca os efeitos divergentes da aprendizagem autodirigida no desempenho acadêmico em seis estudos de caso empíricos, com alguns estudos mostrando uma correlação positiva, enquanto outros não.   
- O artigo também aponta possíveis problemas, como os pequenos tamanhos de amostra e a confiabilidade das ferramentas de medição da aprendizagem autodirigida, que podem afetar a validade das descobertas.  
- Estudos de acompanhamento são recomendados para resolver esses problemas identificados. ","- O artigo de pesquisa discute vários estudos de caso, mas tamanhos específicos de amostras populacionais são mencionados apenas para alguns casos. Por exemplo, no estudo de Corbeil, participaram 191 alunos on-line de pós-graduação, mas apenas 98 estudantes enviaram pesquisas de final de curso, indicando uma queda significativa no tamanho da amostra para análise. 
- O método de amostragem não é explicitamente detalhado nos contextos fornecidos, mas implica que os estudos envolveram medidas autorrelatadas e possivelmente amostragem por conveniência, já que os sujeitos eram alunos on-line em um ambiente baseado na web. 
- No geral, o artigo sugere que os tamanhos das amostras eram pequenos e variavam entre os diferentes estudos, afetando a confiabilidade dos resultados. ","- O artigo conclui que existe uma ligação teórica entre aprendizagem autodirigida e sucesso acadêmico; no entanto, evidências empíricas de seis estudos quantitativos mostram resultados inconsistentes em relação a essa relação em ambientes baseados na web. 
- Apenas um caso demonstrou uma relação fortemente positiva, enquanto outros não indicaram nenhuma correlação significativa entre aprendizagem autodirigida e desempenho acadêmico.  
- Os autores sugerem que vários fatores, como estilos de aprendizagem e a qualidade dos materiais on-line, podem influenciar esses resultados, necessitando de mais estudos empíricos para explorar essas variáveis.  
- A necessidade de estratégias instrucionais eficazes para aprimorar a aprendizagem autodirigida em contextos de e-learning é enfatizada. ","- A revisão da literatura neste artigo examina seis estudos empíricos sobre aprendizagem autodirigida e seu impacto no desempenho acadêmico em ambientes de aprendizagem baseados na web. 
- Destaca que o efeito da aprendizagem autodirigida no sucesso acadêmico varia entre os estudos, com apenas um caso mostrando uma relação positiva. 
- A revisão discute as características dos alunos autodirigidos e faz referência a vários estudos que estabeleceram anteriormente uma correlação entre a aprendizagem autodirigida e o sucesso acadêmico em ambientes de ensino à distância tradicionais e não baseados na web. 
- Ele enfatiza a necessidade de uma maior exploração da confiabilidade e validade das ferramentas de medição da aprendizagem autodirigida usadas nos estudos. ","- As variáveis dependentes do estudo incluem principalmente o desempenho acadêmico, que é medido pelas notas finais do curso. 
- O estudo também considera o desempenho de aprendizagem autorrelatado como uma variável, embora seja considerado menos confiável do que o desempenho avaliado pelo instrutor. 
- A análise indica que a aprendizagem autodirigida é usada como um preditor para o sucesso acadêmico, com vários graus de correlação observados em diferentes casos.  
- O estudo destaca que a relação entre aprendizagem autodirigida e desempenho acadêmico não é consistente, com alguns casos não mostrando correlação significativa. ","- O estudo se concentra principalmente na aprendizagem autodirigida como variável independente. Essa variável é examinada em relação ao seu impacto no desempenho acadêmico em ambientes de aprendizagem baseados na web. 
- A aprendizagem autodirigida engloba várias características, incluindo motivação, metacognição e autorregulação, que são dimensões essenciais dessa variável. 
- O estudo também considera a confiabilidade e a validade da Escala de Prontidão para Aprendizagem Autodirigida (SDLRS) como um fator que pode influenciar a relação entre a aprendizagem autodirigida e o desempenho acadêmico. 
- A análise indica que a eficácia da aprendizagem autodirigida como variável independente pode variar em diferentes contextos e populações. ","- Pesquisas futuras podem explorar as perspectivas discutidas na Tabela 2, que descreve os principais problemas potenciais identificados nos seis estudos de caso. 
- Os pesquisadores são incentivados a adotar três abordagens para uma análise aprofundada do efeito da aprendizagem autodirigida no desempenho acadêmico. 
- É necessário investigar o impacto de vários fatores, como estilos de aprendizagem dos alunos, qualidade dos materiais on-line e tamanho da amostra, na relação entre aprendizagem autodirigida e sucesso acadêmico. 
- Estudos empíricos de acompanhamento devem ser conduzidos para testar esses fatores e sua influência nos resultados da aprendizagem autodirigida. "
document?repid=rep1&type=pdf&doi=4420fddadeb8a41f832ce9f7fbf284df09b3472a.pdf,"- O estudo investiga a eficácia do Mobile Supported Seamless Learning Spaces (MSSLS) no aprimoramento das habilidades de aprendizagem autodirigida e das percepções de aprendizado contínuo entre os alunos. 
- Utilizando uma abordagem de aprendizagem combinada, a pesquisa envolveu 40 candidatos a professores durante um período de 12 semanas, empregando métodos qualitativos e quantitativos para coleta de dados.  
- Os resultados indicaram melhorias significativas nos níveis de aprendizagem autodirigida dos alunos e mudanças positivas em suas percepções sobre as vantagens do MSSLS.  
- As descobertas sugerem que a integração de sistemas em nuvem e redes sociais pode promover um ambiente de aprendizado mais envolvente e eficaz. ","- O estudo empregou uma combinação de métodos qualitativos e quantitativos para analisar as condições que afetam as percepções dos alunos sobre a aprendizagem autodirigida e a aprendizagem contínua. 
- As pesquisas foram utilizadas para análise quantitativa, permitindo a coleta de dados numéricos dos participantes. 
- Os dados qualitativos foram coletados por meio de entrevistas, fornecendo informações mais profundas sobre as experiências e opiniões dos alunos. 
- A Escala de Auto-Avaliação da Aprendizagem Autodirigida (SRSSDL) foi usada especificamente para medir a autodireção dos alunos, consistindo em 60 itens com uma faixa de pontuação de 5 'Sempre' a 1 'Nunca'. ","- O estudo descobriu que os espaços de aprendizagem sem costura suportados por dispositivos móveis (MSSLS) melhoram significativamente as habilidades de aprendizagem autodirigida dos alunos e mudam positivamente suas percepções de aprendizado contínuo.  
- Os alunos expressaram satisfação com o uso de dispositivos móveis, sistemas em nuvem e redes sociais, indicando que essas ferramentas facilitaram experiências de aprendizagem eficazes. 
- Os resultados mostraram um aumento estatisticamente significativo nos níveis de aprendizagem autodirigida após o estudo, com os alunos se beneficiando da flexibilidade e das oportunidades de colaboração oferecidas pelo MSSLS.  
- No geral, as descobertas sugerem que o MSSLS pode efetivamente apoiar as necessidades e preferências educacionais dos alunos. ","- A pesquisa utilizou uma combinação de métodos qualitativos e quantitativos para analisar a eficácia dos sistemas em nuvem e das redes sociais na melhoria das habilidades de aprendizagem autodirigida. Pesquisas foram empregadas para análise quantitativa, enquanto entrevistas foram conduzidas para obter informações qualitativas. 
- O estudo envolveu quarenta candidatos a professores da Near East University que participaram de um curso durante um semestre acadêmico, indicando uma abordagem estruturada para testar os métodos educacionais. 
- Os materiais do curso foram preparados interativamente de acordo com os padrões SCORM, o que sugere um método sistemático de avaliação da experiência de aprendizagem. 
- Os resultados indicaram que os espaços de aprendizagem contínua suportados por dispositivos móveis (MSSL) apoiaram significativamente a flexibilidade na aprendizagem e melhoraram os níveis de aprendizagem autodirigida, demonstrando a eficácia dos testes aplicados. ","- O objetivo principal da pesquisa é analisar as condições que afetam as percepções dos alunos sobre as habilidades de aprendizagem autodirigida e a aprendizagem contínua por meio do uso de sistemas em nuvem e aplicativos de redes sociais. 
- O estudo visa determinar se há uma diferença significativa entre as pontuações do pré-teste e do pós-teste dos níveis de aprendizagem autodirigida dos alunos. 
- Ele busca avaliar se há uma diferença significativa nas percepções dos alunos sobre espaços de aprendizagem contínuos suportados por dispositivos móveis. 
- Além disso, a pesquisa visa reunir as opiniões dos alunos sobre espaços de aprendizagem contínuos suportados por dispositivos móveis. ","- O estudo constatou que os espaços de aprendizagem contínua suportados por dispositivos móveis (MSSL) melhoram significativamente as habilidades de aprendizagem autodirigida dos alunos e influenciam positivamente suas percepções de aprendizado contínuo. 
- Houve um aumento notável nos níveis de aprendizagem autodirigida dos alunos, desde os resultados do pré-teste até o pós-teste, indicando resultados de aprendizagem efetivos. 
- A pesquisa destacou que os estudantes preferiram uma combinação de ambientes de aprendizado tradicionais e móveis, sugerindo uma transição gradual em vez de uma mudança completa para o aprendizado móvel. 
- O uso de ferramentas como o EverNote e as redes sociais facilitou o engajamento efetivo do curso entre os alunos. ","- O estudo identifica as condições que afetam as percepções dos alunos sobre as habilidades de aprendizado autodirigido e o aprendizado contínuo por meio de sistemas em nuvem e aplicativos de redes sociais. 
- Ele destaca a eficácia dos espaços de aprendizagem contínua suportados por dispositivos móveis (MSSL) em aumentar a flexibilidade no horário e no local de aprendizado, melhorando o aprendizado autodirigido e alterando positivamente as percepções de aprendizado contínuo.  
- A pesquisa emprega uma abordagem de métodos mistos, utilizando pesquisas para análise quantitativa e entrevistas para insights qualitativos, fornecendo assim uma compreensão abrangente das experiências dos alunos. 
- Os resultados indicam um aumento significativo nas atitudes dos estudantes em relação às vantagens e eficácia do MSSL. ","Os contextos fornecidos não mencionam nenhuma limitação específica do estudo. Portanto, não há informações disponíveis sobre as limitações discutidas no artigo.","- O estudo destaca a eficácia do Mobile Supported Seamless Learning Spaces (MSSLS) no aprimoramento do aprendizado autodirigido e na melhoria da percepção de aprendizado contínuo entre os alunos. 
- Isso sugere que a integração de sistemas em nuvem como o EverNote e redes sociais como Twitter e Facebook pode facilitar a comunicação e a colaboração contínuas entre os alunos. 
- As descobertas indicam que o MSSLS fornece um ambiente de aprendizado flexível, permitindo que os alunos se envolvam em experiências de aprendizagem individuais e colaborativas. 
- A pesquisa defende tamanhos de amostra maiores e mais diversos em estudos futuros para validar ainda mais essas descobertas e aprimorar a compreensão do MSSLS em vários contextos educacionais. ","- O estudo não explora os efeitos de longo prazo dos Espaços de Aprendizagem Seamless Suportados por Dispositivos Móveis (MSSLS) na aprendizagem autodirigida além do semestre acadêmico de 12 semanas. 
- Há uma falta de investigação sobre os desafios específicos enfrentados pelos alunos ao fazer a transição para ambientes de aprendizado móveis, o que poderia fornecer informações para futuras implementações. 
- A pesquisa não aborda os diversos impactos de diferentes aplicativos de redes sociais nos resultados da aprendizagem, deixando uma lacuna na compreensão de sua eficácia individual. 
- O estudo poderia se beneficiar de uma demografia mais ampla para avaliar a generalização das descobertas em diferentes contextos educacionais. ","Os contextos fornecidos não especificam nenhum conjunto de dados usado no estudo. Portanto, não é possível fornecer uma resposta detalhada sobre os conjuntos de dados utilizados.","- A declaração do problema discutida no artigo gira em torno da compreensão das condições que afetam as percepções dos alunos sobre as habilidades de aprendizado autodirigido e o aprendizado contínuo ao utilizar sistemas em nuvem e aplicativos de redes sociais. 
- O estudo visa identificar se há uma diferença significativa entre as pontuações do pré-teste e do pós-teste dos níveis de aprendizagem autodirigida dos alunos e suas percepções sobre espaços de aprendizagem contínuos suportados por dispositivos móveis.  
- Além disso, busca reunir as opiniões dos alunos sobre esses ambientes de aprendizagem com suporte móvel para aprimorar as práticas educacionais. ","- O tamanho da amostra da população para o estudo consistiu em quarenta candidatos a professores da Near East University. 
- O método de amostragem empregado foi uma combinação de abordagens qualitativas e quantitativas, que incluiu pesquisas para análise quantitativa e entrevistas para estudo qualitativo. 
- Essa abordagem permitiu uma compreensão abrangente das percepções e habilidades de aprendizagem autodirigida dos participantes no contexto de espaços de aprendizagem contínuos suportados por dispositivos móveis. 
- O estudo foi conduzido ao longo de um semestre acadêmico, especificamente 12 semanas, utilizando uma abordagem de aprendizado combinado. ","- O estudo conclui que os espaços de aprendizagem contínuos suportados por dispositivos móveis (MSSLS) aumentam a flexibilidade no aprendizado, permitindo que os alunos aprendam a qualquer hora e em qualquer lugar. 
- O MSSLS melhora significativamente os níveis de aprendizado autodirigido dos alunos e suas percepções de aprendizado contínuo.  
- O uso de sistemas em nuvem como o EverNote e redes sociais como Twitter e Facebook facilita a comunicação e o engajamento eficazes entre os estudantes. 
- A pesquisa sugere que o MSSLS crie um ambiente educacional reformista e progressivo, promovendo experiências de aprendizagem únicas e individuais.  
- Pesquisas futuras devem se concentrar em amostras maiores e incluir diversos departamentos para uma análise mais abrangente. ","A revisão da literatura destaca o rápido aumento no uso de dispositivos móveis individuais devido aos avanços nas tecnologias de comunicação e informação móveis, exigindo novas abordagens educacionais . Ele discute os efeitos positivos de redes sociais como o Facebook e ferramentas como o EverNote na aprendizagem, enfatizando seu papel em aumentar o envolvimento dos alunos e a aprendizagem autodirigida . A revisão também observa o desenvolvimento da Escala de Percepção de Aprendizagem Sem Fio Suportada por Dispositivos Móveis, que avalia as percepções dos alunos sobre as vantagens do aprendizado móvel e o status do aplicativo . No geral, ele ressalta a importância da tecnologia na criação de ambientes de aprendizado flexíveis e eficazes  .","- O estudo identifica várias variáveis dependentes relacionadas aos níveis de aprendizagem autodirigida dos alunos e às percepções de espaços de aprendizagem contínuos suportados por dispositivos móveis. 
- Ele examina se há uma diferença significativa entre as pontuações do pré-teste e do pós-teste dos níveis de aprendizagem autodirigida dos alunos. 
- Além disso, investiga as diferenças nas percepções dos alunos em relação aos espaços de aprendizagem contínuos suportados por dispositivos móveis. 
- O estudo também busca reunir as opiniões dos alunos sobre esses ambientes com suporte móvel, que são cruciais para compreender a eficácia das tecnologias implementadas no aprimoramento da aprendizagem autodirigida. ","- O estudo utilizou uma combinação de sistemas em nuvem e aplicativos de redes sociais como variáveis independentes para analisar seus efeitos nas habilidades de aprendizagem autodirigida dos alunos e nas percepções de aprendizado contínuo. 
- Especificamente, o uso da ferramenta de anotações EverNote e redes sociais como Facebook e Twitter foram destacados como componentes principais das variáveis independentes. 
- Essas tecnologias foram integradas a uma abordagem de aprendizado combinado, permitindo a comunicação síncrona e assíncrona, o que contribuiu para a flexibilidade e eficácia do ambiente de aprendizagem. ","- Pesquisas futuras devem se concentrar em amostras maiores para permitir análises mais abrangentes da aprendizagem autodirigida e de espaços de aprendizagem contínuos. 
- Recomenda-se que os estudos sejam longitudinais para observar mudanças ao longo do tempo nas percepções e habilidades dos alunos. 
- Incluir diversos departamentos em estudos futuros pode fornecer uma compreensão mais ampla da eficácia dos espaços de aprendizado contínuos suportados por dispositivos móveis. 
- Os pesquisadores devem explorar as características e os impactos específicos dos sistemas em nuvem na aprendizagem autodirigida para aprimorar as práticas educacionais.  
- Investigar a integração de várias tecnologias em ambientes de aprendizagem pode gerar insights sobre como melhorar o envolvimento dos alunos e os resultados da aprendizagem. "
1809-3876-curriculum-18-01-10.pdf,"- O artigo discute o impacto das transformações tecnológicas e da globalização na dinâmica social e profissional, enfatizando a necessidade de novos perfis profissionais no ensino superior. 
- Ele se concentra em metodologias de aprendizagem ativa, especificamente Aprendizagem Baseada em Problemas (PBL) e Educação Liderada por Projetos (PLE), e sua implementação nos currículos do ensino superior brasileiro, particularmente em Medicina e Engenharia.  
- O estudo destaca a importância de integrar o conhecimento teórico e prático, promover a autonomia e preparar os alunos para a resolução de problemas do mundo real em equipes multidisciplinares.  
- Isso sugere que essas metodologias podem orientar as inovações curriculares em resposta à evolução das demandas sociais.  ","- O artigo discute duas metodologias primárias de aprendizagem ativa: Aprendizagem Baseada em Problemas (PBL) e Educação Liderada por Projetos (PLE). 
- Ele enfatiza os movimentos históricos e os fundamentos teóricos que contribuíram para o desenvolvimento dessas metodologias.  
- As metodologias são caracterizadas por colocar o aluno no centro do processo de aprendizagem, promovendo a participação ativa e a integração do conhecimento teórico e prático.  
- A análise inclui a avaliação de propostas curriculares de cursos superiores em Medicina e Engenharia, com foco nos perfis e habilidades exigidas para profissionais dessas áreas.  ","- Os resultados indicam que movimentos históricos e princípios de metodologias ativas de aprendizagem orientam novas propostas de desenho curricular no ensino superior. 
- As instituições analisadas visam imergir os alunos em culturas de resolução de problemas, enfatizando a autonomia em situações profissionais do mundo real. 
- Eles promovem a formação técnico-científica ao lado de atitudes ético-humanistas e a capacidade de trabalhar em equipes multidisciplinares. 
- O estudo destaca o alinhamento das propostas curriculares com as diretrizes nacionais, refletindo a evolução das demandas da sociedade e do cenário profissional.  
- Isso sugere que metodologias ativas de aprendizagem melhoram a integração da formação acadêmica e profissional. ","- Os contextos fornecidos não mencionam nenhum teste prático específico que tenha sido aplicado na pesquisa. 
- Não há informações sobre como os testes foram realizados no contexto das metodologias ativas no ensino superior discutidas no artigo. 
- Portanto, não se pode determinar se os testes práticos foram utilizados ou como foram conduzidos com base nas informações disponíveis.","- O artigo de pesquisa visa compreender os aspectos históricos e os princípios de duas metodologias de aprendizagem ativa: Aprendizagem Baseada em Problemas (PBL) e Educação Liderada por Projetos (PLE) no contexto do ensino superior no Brasil. 
- Busca analisar a implementação dessas metodologias dentro dos processos curriculares do ensino superior, particularmente nas áreas de Medicina e Engenharia, que são consideradas pioneiras na aprendizagem ativa. 
- O estudo também reflete sobre como essas metodologias podem orientar novos desenhos curriculares que se alinham às crescentes demandas dos perfis profissionais em resposta às transformações sociais. ","- A pesquisa indica que metodologias de aprendizagem ativa, como PBL (Problem Based Learning) e PLE (Project Led Education), são essenciais para moldar o cenário educacional no Brasil, particularmente no ensino superior. 
- Destaca que essas metodologias posicionam os alunos no centro do processo de aprendizagem, promovendo autonomia e habilidades de resolução de problemas em contextos do mundo real.  
- As descobertas sugerem que movimentos históricos e princípios de metodologias ativas de aprendizagem orientam o desenvolvimento de novos desenhos curriculares, particularmente em Medicina e Engenharia.  
- O estudo enfatiza a necessidade de as instituições educacionais se adaptarem às mudanças sociais e às demandas profissionais por meio de abordagens de ensino inovadoras. ","- O artigo discute os movimentos históricos e os princípios das metodologias ativas de aprendizagem, especificamente PBL (Problem Based Learning) e PLE (Project Led Education), e sua implementação nos currículos de ensino superior no Brasil. 
- Destaca a importância de alinhar a formação acadêmica às demandas profissionais, enfatizando a necessidade de os graduados possuírem competências como trabalho em equipe e habilidades para resolver problemas. 
- As descobertas sugerem que as metodologias de aprendizagem ativa podem aumentar a autonomia e o envolvimento dos alunos na resolução de problemas do mundo real, promovendo assim uma abordagem mais integrada da educação.  ","Os contextos fornecidos não mencionam nenhuma limitação específica relacionada ao trabalho de pesquisa. Portanto, não é possível fornecer uma resposta detalhada sobre as limitações discutidas no artigo.","- O artigo destaca a necessidade de as instituições de ensino superior adaptarem seus currículos para incorporar metodologias ativas de aprendizagem, como PBL (Problem Based Learning) e PLE (Project Led Education), que se alinham às demandas profissionais atuais. 
- Ele enfatiza a importância de desenvolver competências como trabalho em equipe, autonomia e habilidades de resolução de problemas entre os estudantes, preparando-os para desafios do mundo real em áreas como Medicina e Engenharia. 
- Os resultados sugerem que a integração dessas metodologias pode aprimorar a experiência educacional, promovendo uma cultura de resolução de problemas e considerações éticas na prática profissional.  ","- O artigo identifica uma lacuna de pesquisa na exploração de como os graduados em metodologias ativas de aprendizagem percebem sua educação e conhecimento em relação à sua prática profissional no Brasil. Essa área permanece pouco pesquisada, indicando a necessidade de mais estudos que analisem o impacto da aprendizagem ativa nos resultados profissionais. 
- Além disso, há uma falta de compreensão abrangente sobre os movimentos históricos e os fundamentos teóricos que moldaram as metodologias de aprendizagem ativa no ensino superior, particularmente nas áreas de Medicina e Engenharia.  
- Pesquisas futuras também poderiam investigar a eficácia dessas metodologias em atender às crescentes demandas do mercado de trabalho. ","Os contextos fornecidos não especificam nenhum conjunto de dados usado no estudo. Portanto, não é possível fornecer uma resposta detalhada sobre os conjuntos de dados utilizados na pesquisa.","- O artigo discute a necessidade de reformas educacionais no ensino superior para atender às crescentes demandas do mercado de trabalho e da sociedade devido às transformações tecnológicas e à globalização. 
- Ele destaca a inadequação das metodologias educacionais tradicionais na preparação dos alunos para os desafios do mundo real, enfatizando a importância das metodologias ativas de aprendizagem que colocam os alunos no centro do processo educacional. 
- A pesquisa visa explorar os aspectos históricos e os princípios das metodologias de aprendizagem ativa, especificamente a Aprendizagem Baseada em Problemas (PBL) e a Educação Liderada por Projetos (PLE), e sua implementação nos currículos do ensino superior no Brasil. ","Os contextos fornecidos não contêm informações sobre o tamanho da amostra da população ou os métodos de amostragem usados na pesquisa. Portanto, não é possível fornecer uma resposta detalhada sobre esse tópico com base nas informações disponíveis.","- O artigo conclui que metodologias de aprendizagem ativa, como PBL (Problem Based Learning) e PLE (Project Led Education), são essenciais para moldar os futuros profissionais em áreas como Medicina e Engenharia no Brasil. 
- Enfatiza que essas metodologias alinham as práticas educacionais com as crescentes demandas da sociedade e do mundo profissional, promovendo habilidades como autonomia e trabalho em equipe. 
- As descobertas sugerem que os movimentos históricos e os princípios da aprendizagem ativa orientam o desenvolvimento de projetos curriculares inovadores, aprimorando, em última instância, a integração do conhecimento teórico e prático no ensino superior.  ","- A revisão da literatura discute os movimentos históricos e os fundamentos teóricos que moldaram as metodologias de aprendizagem ativa, particularmente a Aprendizagem Baseada em Problemas (PBL) e a Educação Liderada por Projetos (PLE) no ensino superior. 
- Ele destaca o surgimento dessas metodologias como respostas às demandas da sociedade e ao cenário profissional em evolução, enfatizando a necessidade de inovações educacionais que se alinhem aos desafios contemporâneos. 
- A revisão também observa a integração do conhecimento teórico e prático nessas metodologias, que visam preparar os alunos para a resolução de problemas do mundo real e o trabalho colaborativo em equipes multidisciplinares. ","Os contextos fornecidos não especificam nenhuma variável dependente usada no estudo. Portanto, não é possível fornecer uma resposta detalhada sobre as variáveis dependentes.","Os contextos fornecidos não especificam nenhuma variável independente usada no estudo. O foco está principalmente nas metodologias de aprendizagem ativa, seus aspectos históricos, princípios e sua implementação no ensino superior, particularmente nas áreas de Medicina e Engenharia. As discussões giram em torno da transformação das práticas educacionais em resposta às demandas da sociedade e às características dos profissionais que estão sendo treinados, em vez de detalhar variáveis independentes específicas. Portanto, nenhuma informação sobre variáveis independentes pode ser extraída dos contextos fornecidos.","- Pesquisas futuras poderiam se concentrar nas experiências de graduados a partir de currículos organizados por metodologias ativas, particularmente no Brasil, para entender como eles percebem sua formação e conhecimento em relação à sua prática profissional. 
- Investigar o impacto das metodologias de aprendizagem ativa nas competências e habilidades exigidas em áreas profissionais, especialmente em Medicina e Engenharia, pode fornecer informações sobre sua eficácia.  
- Além disso, explorar a relação entre mudanças sociais e inovações no ensino superior pode revelar como as instituições educacionais se adaptam para atender às demandas profissionais emergentes. "
Briede%20-%20Students%E2%80%99%20Self-directed%20Learning%20in%20the%20Context%20of%20Industrial%20Challenges%3A%20Latvia%20Univers....pdf?sequence=1.pdf,"- O artigo analisa a aprendizagem autodirigida (SDL) dos alunos na Universidade de Ciências e Tecnologias da Vida da Letônia, com foco em seus componentes essenciais para o contexto socioeconômico atual.  
- Um questionário foi conduzido com 305 alunos do primeiro ano para avaliar seu SDL, revelando resultados médios em estratégias eficazes de aprendizagem, expressão de pontos de vista e gerenciamento de tempo.   
- O estudo enfatiza a necessidade de recursos eletrônicos e métodos de ensino que promovam o envolvimento e a expressão dos alunos.   
- Ele destaca a importância de alinhar o SDL com as demandas do mercado de trabalho e a revisão contínua dos resultados da aprendizagem.  ","- O estudo utilizou um método de questionário para investigar a autoavaliação da aprendizagem autodirigida (SDL) entre 305 estudantes do primeiro ano da Universidade de Ciências e Tecnologias da Vida da Letônia. 
- O questionário se concentrou em vários componentes do SDL, incluindo propósito, motivação para o conhecimento, estratégias de aprendizagem eficazes, responsabilidade, controle, avaliação do progresso da aprendizagem, importância de expressar sua opinião e gerenciamento de tempo.  
- A pesquisa também envolveu estudos teóricos sobre desenvolvimento profissional e SDL, referenciando perspectivas e resultados de aprendizagem definidos pelo Fórum Econômico Mundial e pelo processo de Bolonha.  
- Investigações regulares de SDL foram enfatizadas para avaliar indicadores de melhoria e desenvolver recursos de ensino-aprendizagem. ","- O estudo envolveu um questionário avaliando a aprendizagem autodirigida (SDL) entre 305 estudantes do primeiro ano da Universidade de Ciências e Tecnologias da Vida da Letônia. Os resultados indicaram níveis médios de propósito, motivação para o conhecimento, estratégias de aprendizagem eficazes, responsabilidade, controle sobre o progresso da aprendizagem, importância de expressar pontos de vista e gerenciamento do tempo.  
- Verificou-se que os alunos muitas vezes se sentiam tímidos e críticos consigo mesmos, afetando sua capacidade de expressar pontos de vista.  
- O estudo destacou a necessidade de recursos eletrônicos em estratégias de aprendizagem e mais métodos de ensino que promovam a expressão de pontos de vista em cursos de educação continuada.  ","- A pesquisa utilizou um método de questionário para investigar a autoavaliação dos alunos sobre seus componentes de aprendizagem autodirigida (SDL). 
- O questionário foi administrado a 305 estudantes do primeiro ano da Universidade de Ciências e Tecnologias da Vida da Letônia. 
- O foco do questionário incluiu aspectos como propósito, motivação para o conhecimento, implementação de estratégias de aprendizagem eficazes, responsabilidade, controle, avaliação do progresso da aprendizagem, importância de expressar a opinião e gerenciamento do tempo.  
- Os resultados do questionário serviram como um meio de avaliar e revisar a compreensão do SDL entre estudantes e funcionários acadêmicos. ","- O objetivo principal da pesquisa é analisar os componentes da aprendizagem autodirigida (SDL) que são essenciais no contexto socioeconômico atual. 
- O estudo visa avaliar os resultados do SDL de estudantes da Universidade de Ciências e Tecnologias da Vida da Letônia (LLU). 
- Busca compreender como as mudanças socioeconômicas influenciam as demandas no ensino superior, impactando o SDL. 
- A pesquisa também enfatiza a necessidade de os alunos terem uma compreensão clara dos conceitos de SDL e de sua natureza evolutiva para orientar seu aprendizado de forma eficaz. ","- Os resultados da pesquisa indicam que os alunos do primeiro ano da Universidade de Ciências e Tecnologias da Vida da Letônia apresentam resultados médios na implementação de estratégias de aprendizagem eficazes, expressando suas opiniões e gerenciando o tempo. 
- O estudo destaca a necessidade de recursos eletrônicos para aprimorar as estratégias de aprendizagem e a criação de ambientes de aprendizagem mais flexíveis para esses alunos. 
- Além disso, enfatiza a importância de incorporar métodos de ensino que promovam a expressão de pontos de vista em futuros cursos educacionais para professores. 
- No geral, as descobertas sugerem a necessidade de sistemas de apoio aprimorados para promover a aprendizagem autodirigida entre os alunos em resposta aos desafios socioeconômicos atuais. ","- O estudo enfatiza a importância da aprendizagem autodirigida (SDL) em resposta às mudanças socioeconômicas que afetam as demandas do ensino superior. 
- Ele destaca a necessidade de os alunos terem uma compreensão clara dos conceitos de SDL e de sua natureza evolutiva para orientar seu aprendizado de forma eficaz. 
- A pesquisa identifica componentes essenciais do SDL relevantes para o contexto socioeconômico atual, com o objetivo de melhorar o desenvolvimento profissional dos alunos como aprendizes ativos ao longo da vida.  
- Os resultados sugerem a necessidade de métodos de ensino aprimorados que promovam a expressão de pontos de vista e a implementação de estratégias de aprendizagem eficazes entre os alunos do primeiro ano. ","- O estudo indica que nem todos os estudantes estão preparados para estudos autodirigidos, pois muitos são motivados principalmente pela popularidade do ensino superior, e não pelo desejo de um aprendizado profundo baseado em pesquisas. 
- Resultados médios foram observados na implementação de estratégias de aprendizagem eficazes, na importância de expressar suas opiniões e no gerenciamento do tempo, sugerindo áreas que precisam ser melhoradas.  
- Os estudantes relataram sentimentos de timidez e autocrítica, que dificultam sua capacidade de se expressar com competência. 
- Há uma necessidade de mais métodos de ensino que promovam a expressão de pontos de vista e estratégias eficazes de gerenciamento de tempo.  ","- O estudo enfatiza a necessidade de aprendizagem autodirigida (SDL) gerenciada propositadamente no ensino superior, destacando a importância da responsabilidade, iniciativa e autoavaliação dos alunos em seus processos de aprendizagem. 
- Isso sugere que os métodos de ensino devem ser revisados para incluir mais oportunidades para os alunos expressarem suas opiniões, o que atualmente é um desafio para muitos. 
- Os resultados indicam a necessidade de recursos eletrônicos para aprimorar as estratégias de aprendizagem dos alunos do primeiro ano, promovendo o gerenciamento eficaz do tempo e os resultados da aprendizagem.  
- A avaliação contínua dos componentes do SDL é essencial para alinhar as práticas educacionais às demandas do mercado de trabalho e ao desenvolvimento profissional.  ","- A pesquisa identifica uma lacuna na compreensão da prontidão dos estudantes para a aprendizagem autodirigida (SDL), já que nem todos os estudantes são motivados para estudos profundos e baseados em pesquisas, apesar da popularidade do ensino superior. 
- Há uma necessidade de programas educacionais diversificados que considerem as demandas do mercado de trabalho e envolvam os profissionais nas horas de contato, o que atualmente não existe. 
- O estudo destaca a necessidade de métodos de ensino mais eficazes que promovam a expressão de pontos de vista e habilidades de gerenciamento de tempo entre os alunos, indicando uma deficiência nas práticas educacionais atuais.  
- Investigações regulares sobre indicadores de SDL são necessárias para avaliar e melhorar os recursos de ensino-aprendizagem, que não foram suficientemente abordados. ","- O estudo utilizou um conjunto de dados derivado de um questionário administrado a 305 estudantes do primeiro ano da Universidade de Ciências da Vida e Tecnologias da Letônia (LLU) durante outubro e novembro de 2018.  
- Os entrevistados representaram vários campos, incluindo agricultura, silvicultura, medicina veterinária, economia, tecnologia de alimentos, engenharia, arquitetura paisagística, levantamento de terras e tecnologias da informação.  
- O questionário se concentrou em avaliar os componentes da aprendizagem autodirigida (SDL) dos alunos, como propósito, motivação para o conhecimento, estratégias de aprendizagem eficazes, responsabilidade, controle, avaliação do progresso da aprendizagem, importância de expressar sua opinião e gerenciamento de tempo.  ","- A declaração do problema discutida no artigo gira em torno dos desafios enfrentados pelos alunos na aprendizagem autodirigida (SDL) no contexto da Quarta Revolução Industrial (4IR). Muitos estudantes apresentam um domínio médio na avaliação ao expressar suas opiniões e administrar o tempo, indicando falta de confiança e competência nessas áreas. Essa situação é exacerbada pelas rápidas mudanças socioeconômicas que afetam as demandas do ensino superior, levando à necessidade de os educadores adaptarem os métodos de ensino para promover o SDL de forma eficaz. O estudo enfatiza a necessidade de ambientes de aprendizagem flexíveis e estratégias de ensino inovadoras para aprimorar as capacidades SDL dos alunos.   ","- O tamanho da amostra da população para o estudo consistiu em 305 estudantes do primeiro ano da Universidade de Ciências e Tecnologias da Vida da Letônia (LLU) . 
- O método de amostragem empregado foi um questionário, que foi usado para investigar a autoavaliação dos alunos em relação à aprendizagem autodirigida (SDL) . 
- O questionário foi realizado em outubro e novembro de 2018, garantindo uma coleta oportuna de dados relevantes para as experiências e percepções dos alunos . 
- Os entrevistados representaram vários campos de estudo, incluindo agricultura, silvicultura, medicina veterinária, economia, tecnologia de alimentos, engenharia, arquitetura paisagística, levantamento de terras e tecnologias da informação .","- O estudo conclui que a aprendizagem autodirigida (SDL) é essencial para o desenvolvimento de profissionais que sejam aprendizes ativos ao longo da vida, capazes de se adaptar às mudanças sociais e econômicas. 
- Ele enfatiza a necessidade de revisão contínua dos resultados da aprendizagem e dos indicadores de SDL para se alinhar às demandas do mercado de trabalho. 
- Os resultados indicam que os alunos têm dificuldade em expressar suas opiniões e administrar o tempo, destacando a necessidade de melhores métodos de ensino e recursos eletrônicos.  
- A pesquisa defende ambientes de aprendizagem flexíveis e programas educacionais diversificados para melhorar o SDL e o desenvolvimento profissional.  
- No geral, o artigo enfatiza a importância da gestão intencional do SDL no ensino superior. ","A revisão da literatura enfatiza a necessidade de avaliações teóricas e práticas da aprendizagem autodirigida (SDL) no ensino superior, particularmente à luz do processo de Bolonha e das tendências educacionais globais. Ele destaca que muitos estudantes têm dificuldade em expressar suas opiniões e administrar o tempo de forma eficaz, indicando a necessidade de aprimorar o trabalho em grupo e métodos de aprendizagem baseados em problemas. A revisão também observa que o SDL é influenciado pelas mudanças socioeconômicas e pelas demandas do mercado de trabalho, exigindo avaliações regulares dos indicadores do SDL e métodos de ensino para promover alunos ativos ao longo da vida, preparados para os desafios profissionais. A importância de adaptar a educação para atender a essas demandas em evolução é ressaltada.  ","- O estudo identifica várias variáveis dependentes relacionadas à aprendizagem autodirigida (SDL) dos alunos, que incluem propósito, motivação para o conhecimento, implementação de estratégias de aprendizagem eficazes, responsabilidade, controle, avaliação do progresso da aprendizagem, importância de expressar a opinião e gerenciamento do tempo.  
- Essas variáveis foram avaliadas por meio de um questionário administrado a 305 estudantes do primeiro ano da Universidade de Ciências e Tecnologias da Vida da Letônia.  
- Os resultados indicaram que os níveis médios dominaram a implementação de estratégias de aprendizagem eficazes, a importância de expressar pontos de vista e o gerenciamento do tempo, destacando áreas de melhoria.  ","Os contextos fornecidos não especificam as variáveis independentes usadas no estudo. Portanto, não é possível fornecer uma resposta detalhada sobre as variáveis independentes.","- Pesquisas futuras devem se concentrar em aprimorar as estratégias de aprendizagem autodirigida (SDL) entre os alunos, particularmente em relação a métodos eficazes de aprendizagem e gerenciamento de tempo. 
- Investigar o impacto do trabalho em grupo e da aprendizagem baseada em problemas na capacidade dos alunos de expressar suas opiniões e gerenciar o tempo de forma eficaz é essencial. 
- É necessário explorar a integração de recursos eletrônicos nas estratégias de ensino para apoiar os alunos do primeiro ano em sua jornada SDL.  
- Além disso, a pesquisa deve avaliar o alinhamento das práticas educacionais com a evolução das demandas do mercado de trabalho e as implicações da Quarta Revolução Industrial no desenvolvimento profissional. "
document.pdf,"- O estudo investiga abordagens de ensino e design instrucional que aprimoram a aprendizagem autodirigida (SDL) dos alunos em ambientes de aprendizagem combinada, envolvendo 18 professores e 294 estudantes em uma universidade francesa. 
- Ele emprega um design de métodos mistos, utilizando questionários e observações para avaliar o impacto das estratégias pedagógicas no SDL. 
- Os resultados indicam que o ensino centrado no aluno nem sempre equivale ao design centrado no aluno, com um desenvolvimento significativo do SDL observado em apenas três dos sete cursos. 
- O estudo destaca a importância da revisão por pares on-line e dos fóruns de discussão na promoção do SDL, sugerindo que mais pesquisas são necessárias para explorar essas relações. ","- O estudo empregou um design de métodos mistos, integrando abordagens quantitativas e qualitativas para obter uma compreensão abrangente dos impactos pedagógicos na aprendizagem autodirigida em ambientes mistos. 
- A coleta de dados envolveu o uso de questionários para coletar informações sobre as abordagens de ensino e design instrucional dos professores. 
- As observações foram conduzidas online e offline para analisar as atividades de ensino em ambientes de aprendizado misto centrados no aluno. 
- Um questionário pré-post foi utilizado para medir as mudanças nos níveis de aprendizagem autodirigida dos alunos durante um período de seis meses. ","- O estudo constatou que professores que empregavam abordagens de ensino centradas no aluno nem sempre projetavam seus cursos de ensino misto para serem centrados no aluno. 
- Foi revelado que o aprendizado autodirigido dos alunos melhorou significativamente em apenas três dos sete cursos de ensino misto centrados no aluno. 
- Além disso, os resultados indicaram que os professores que facilitaram a revisão por pares on-line e as discussões em fóruns on-line contribuíram para o aprimoramento dos níveis de aprendizagem autodirigida dos alunos. 
- Os resultados sugerem a necessidade de mais pesquisas para validar a relação entre atividades pedagógicas específicas e aprendizagem autodirigida, bem como para explorar como os ambientes de aprendizagem combinada podem promover melhor a colaboração e a interação. ","- A pesquisa utilizou uma abordagem de método misto para coleta de dados, que incluiu questionários e observações. 
- Os professores preencheram dois questionários on-line para declarar suas abordagens de ensino e a configuração de seus ambientes de aprendizagem combinada. 
- Um questionário pré-post foi usado para medir os níveis de aprendizagem autodirigida dos alunos. 
- As observações foram realizadas presencialmente e on-line para identificar as especificidades das atividades de design instrucional dos professores. 
- O estudo envolveu uma amostra de 18 professores e 294 estudantes de graduação durante um período de 6 meses durante o ano acadêmico de 2017-2018. ","- O objetivo principal do artigo de pesquisa é identificar as abordagens de ensino e design instrucional adotadas por professores em ambientes de aprendizagem combinada e analisar seus efeitos na aprendizagem autodirigida dos alunos. 
- O estudo visa explorar a necessidade de melhorar as habilidades de aprendizagem autodirigida dos alunos para o sucesso no trabalho acadêmico e na vida. 
- Ele busca determinar abordagens eficazes de ensino e design instrucional que melhorem a aprendizagem autodirigida em contextos de aprendizagem combinada.  
- A pesquisa também pretende validar a relação entre atividades pedagógicas específicas e resultados de aprendizagem autodirigida. ","- Os resultados da pesquisa indicam que os professores que adotam abordagens de ensino centradas no aluno nem sempre projetam seus cursos de ensino misto como ambientes centrados no aluno. 
- Verificou-se que a aprendizagem autodirigida dos alunos melhorou significativamente em apenas três dos sete cursos de ensino misto centrados no aluno. 
- Além disso, o estudo revelou que professores que facilitaram a revisão por pares on-line e as discussões em fóruns on-line contribuíram para o aprimoramento dos níveis de aprendizagem autodirigida dos alunos. 
- Os resultados sugerem a necessidade de mais pesquisas para validar a relação entre atividades pedagógicas específicas e aprendizagem autodirigida, bem como para explorar como ambientes de aprendizagem combinada podem apoiar melhor a colaboração e a interação. ","- O artigo enfatiza a necessidade de aprimorar as habilidades de aprendizagem autodirigida dos alunos para o sucesso nos contextos acadêmico e de vida, conforme apoiado por vários pesquisadores .
- Ele explora os efeitos das abordagens de ensino e design instrucional na aprendizagem autodirigida em ambientes de aprendizagem combinada  .
- A pesquisa identifica que a qualidade do desempenho da aprendizagem é significativamente influenciada pelas percepções dos professores sobre o ensino e pelo ambiente de aprendizagem fornecido  .
- O estudo visa determinar abordagens eficazes de ensino e design instrucional que podem aprimorar a aprendizagem autodirigida em contextos de aprendizagem combinada  .","Os contextos fornecidos não mencionam nenhuma limitação específica do estudo. Portanto, não há informações disponíveis sobre as limitações deste artigo de pesquisa.","- O estudo destaca que os professores que adotam abordagens de ensino centradas no aluno nem sempre projetam seus ambientes de aprendizagem combinada de acordo, indicando uma desconexão entre a filosofia de ensino e o design instrucional. 
- Ele enfatiza a importância de gerenciar interações on-line para aprimorar a aprendizagem autodirigida dos alunos, sugerindo que a revisão por pares e fóruns de discussão on-line podem contribuir significativamente para esse desenvolvimento.  
- As descobertas exigem mais pesquisas para explorar a relação entre a aprendizagem autodirigida e atividades pedagógicas específicas, sublinhando a necessidade de integração efetiva de interações on-line e presenciais em ambientes de aprendizagem combinada.  ","- O estudo indica a necessidade de mais pesquisas para validar a relação direta entre atividades pedagógicas específicas, como revisão por pares on-line e discussões em fóruns, e o aprimoramento da aprendizagem autodirigida dos alunos. 
- Isso destaca a limitação do tamanho da amostra, sugerindo que os resultados podem não ser generalizáveis para contextos mais amplos de aprendizagem combinada. 
- Além disso, a pesquisa aponta a ausência de entrevistas com estudantes, o que poderia fornecer uma visão mais profunda sobre como eles utilizam as ferramentas e os recursos fornecidos pelos professores em seus ambientes de aprendizagem. ","- O estudo utilizou dois questionários principais: o Approach to Teaching Inventory (ATI) e a Self-Positioning Tool (SPT). 
- O ATI, composto por 22 itens, foi projetado para explorar a relação entre as abordagens de ensino dos professores e as abordagens de aprendizagem dos alunos, com uma confiabilidade de 0,815 alfa de Cronbach para a versão francesa. 
- O SPT, desenvolvido para analisar ambientes de aprendizagem combinada, incluiu 12 perguntas fechadas e foi usado para avaliar as configurações dos cursos de aprendizagem combinada. 
- Além disso, observações presenciais e on-line foram conduzidas para coletar dados qualitativos sobre atividades de ensino. ","- A declaração do problema discutida no artigo gira em torno da necessidade de identificar abordagens eficazes de ensino e design instrucional que melhorem a aprendizagem autodirigida dos alunos em ambientes de aprendizagem combinada. 
- O estudo destaca que, embora a aprendizagem combinada seja reconhecida por suas vantagens, a qualidade dos resultados da aprendizagem é significativamente influenciada pelas percepções dos professores sobre o ensino e pelo ambiente de aprendizagem que eles criam. 
- A principal questão de pesquisa colocada é: “Quais são as abordagens eficazes de ensino e design instrucional que aprimoram a aprendizagem autodirigida dos alunos em um ambiente de aprendizado combinado?” ","- O tamanho da amostra da população para o estudo consistiu em 18 professores e 294 estudantes de graduação matriculados em um curso semipresencial em uma universidade francesa. 
- O método de amostragem empregado foi uma abordagem de método misto para coleta de dados, que incluiu o uso de questionários e observações. 
- Os professores foram convidados a preencher dois questionários on-line para declarar suas abordagens de ensino e a configuração de seus ambientes de aprendizagem combinada. 
- Além disso, observações presenciais e on-line foram conduzidas para identificar as especificidades das atividades de design instrucional dos professores. ","- O estudo conclui que os professores que adotam abordagens de ensino centradas no aluno nem sempre projetam ambientes de aprendizagem combinada centrados no aluno, indicando uma falta de convergência entre as abordagens de ensino e design instrucional. 
- Verificou-se que a aprendizagem autodirigida foi significativamente desenvolvida em apenas três dos sete cursos de ensino misto centrados no aluno. 
- A pesquisa destaca a importância de gerenciar interações on-line para aprimorar a aprendizagem autodirigida, com fóruns de discussão e revisão por pares on-line mostrando benefícios potenciais. 
- As limitações incluem um pequeno tamanho de amostra e a ausência de entrevistas com estudantes, sugerindo a necessidade de mais pesquisas sobre a relação entre aprendizagem autodirigida e atividades on-line. ","- A revisão da literatura define o aprendizado combinado como uma abordagem instrucional que integra sessões de ensino on-line e presenciais, uma definição apoiada por vários pesquisadores. 
- Ele destaca o desafio de combinar efetivamente esses dois métodos de ensino, enfatizando a necessidade de articulação entre o ensino on-line e presencial para capacitar os alunos a controlar suas atividades de aprendizagem. 
- Além disso, discute diferentes configurações de ambientes de aprendizagem combinada, categorizados em abordagens centradas no professor e centradas no aluno, que influenciam a eficácia do ensino e da aprendizagem.  
- A revisão prepara o terreno para explorar como essas abordagens impactam a aprendizagem autodirigida dos alunos em contextos mistos. ","- A variável dependente primária no estudo é o nível de aprendizagem autodirigida dos alunos, que foi medido por meio de um questionário pré-post. Esta avaliação teve como objetivo avaliar o impacto de diferentes abordagens de ensino e design instrucional na capacidade dos alunos de direcionar sua própria aprendizagem em um ambiente misto. 
- O estudo também considerou a eficácia de atividades pedagógicas específicas, como revisão por pares on-line e discussões em fóruns on-line, como influências potenciais no desenvolvimento da aprendizagem autodirigida entre os alunos.  ","- As variáveis independentes do estudo incluem as abordagens de ensino adotadas pelos professores, que podem ser categorizadas em abordagens centradas no aluno e centradas no professor. 
- As atividades de design instrucional implementadas pelos professores nos ambientes de aprendizagem combinada também servem como uma variável independente. 
- A configuração dos ambientes de aprendizado combinado, incluindo o uso de ferramentas e recursos de gerenciamento on-line, é outra variável independente. 
- Além disso, os tipos de atividades oferecidas, como revisão por pares on-line e discussões em fóruns on-line, são considerados variáveis independentes que influenciam a aprendizagem autodirigida dos alunos. ","- Pesquisas futuras devem se concentrar em estabelecer a relação direta entre atividades pedagógicas, como fóruns de discussão e revisão por pares on-line, e os resultados de aprendizagem autodirigida dos alunos. 
- É necessário examinar mais de perto como os ambientes de aprendizagem combinada podem apoiar melhor a colaboração e a interação entre os alunos. 
- Estudos adicionais devem investigar a eficácia de diferentes abordagens de ensino e design instrucional no aprimoramento da aprendizagem autodirigida em contextos de aprendizagem combinada. 
- Além disso, expandir o tamanho da amostra e incluir entrevistas com estudantes pode fornecer uma visão mais profunda sobre a utilização de ferramentas e recursos em ambientes de aprendizagem. "
FACULDADES INTEGRADAS SIMONSEN - PPC .pdf,"- O curso visa atender à demanda por professores licenciados em Ciência da Computação na região, aprimorando a formação pedagógica dos graduados  .
- Ele enfatiza a importância de ler e interpretar vários tipos de texto para uma comunicação eficaz  .
- O currículo inclui técnicas de redação acadêmica e análise crítica de pensadores educacionais  .
- O artigo discute a importância da didática e do planejamento nas práticas de ensino .","- O artigo quantifica a produção acadêmica de cursos como método de avaliação  .
- Realiza avaliações periódicas para avaliar o alinhamento do curso com as diretrizes curriculares nacionais  .
- Os métodos incluem monitoramento e divulgação de indicadores de desempenho do curso, como exames nacionais .
- A avaliação do corpo docente, dos cursos e da instituição é realizada para melhorar a qualidade do ensino .
- O processo de avaliação serve como feedback para a melhoria do curso, envolvendo várias partes interessadas .
- O artigo enfatiza a importância da autoavaliação nos níveis institucional e do curso .
- O resumo destaca a multidimensionalidade dos processos de ensino e aprendizagem como foco metodológico .","- O artigo visa que os alunos analisem várias fontes de forma crítica e apliquem o conhecimento na prática  .
- Enfatiza a importância de compreender os pensadores educacionais e as práticas pedagógicas .
- Os resultados incluem melhor acesso para pessoas com necessidades especiais por meio de adaptações de infraestrutura .
- O artigo descreve as horas operacionais dos laboratórios de informática, aprimorando o acesso dos alunos aos recursos    .",Não abordado no jornal.,"- O artigo visa formar educadores autônomos em computação para vários campos educacionais . 
- Ele busca integrar a computação a outras disciplinas científicas em diferentes níveis educacionais . 
- Os objetivos incluem organizar e gerenciar laboratórios educacionais de informática . 
- Aborda a necessidade de profissionais especializados em educação básica e técnica . 
- O resumo enfatiza a importância de compreender os processos pedagógicos no ensino e na aprendizagem .","- A pesquisa enfatiza a importância da análise crítica de várias fontes de conhecimento pelos estudantes  .
- O objetivo é aumentar a clareza dos alunos na comunicação oral e escrita .
- O artigo discute a importância do planejamento nos processos de ensino e aprendizagem .
- Ele destaca a necessidade de adaptar as práticas educacionais em resposta às restrições sociais, como durante a pandemia  .","- O CPA, a Reitoria e os coordenadores do curso realizaram reuniões para adaptar o trabalho e reorganizar o calendário acadêmico em março de 2020  . 
- As aulas foram suspensas em 16 de março de 2020, por duas semanas para preparar e adaptar as atividades para o aprendizado remoto  . 
- Uma plataforma móvel foi instalada para melhor acesso às instalações para pessoas com necessidades especiais  . 
- O artigo enfatiza a importância de atividades complementares para que os alunos aprimorem sua experiência educacional além de sua formação acadêmica específica . 
- O resumo discute a multidimensionalidade dos processos de ensino e aprendizagem, destacando a importância do planejamento na educação .  ",Não abordado no jornal.,"- Espera-se que os alunos analisem várias fontes de forma crítica e apliquem o conhecimento na prática em suas vidas  .
- A instituição tem infraestrutura adaptada para acessibilidade, garantindo inclusão para estudantes com necessidades especiais .
- O artigo discute a importância do planejamento no ensino, enfatizando seu papel na educação efetiva . 
- A resposta da instituição à COVID-19 incluiu a suspensão das aulas presenciais para preparação e adaptação .",Não abordado no jornal.,Não abordado no jornal.,"- A pandemia da COVID-19 alterou o planejamento inicial do CPA e das coordenações dos cursos, gerando novos desafios para a pesquisa institucional  . 
- A transição para o ensino remoto criou dificuldades na manutenção da qualidade das atividades de ensino e pesquisa  . 
- O histórico socioeconômico dos estudantes que ingressam na instituição apresenta desafios na qualidade e no acesso à educação  . 
- A necessidade de reestruturação curricular para se adaptar ao cenário educacional em evolução é destacada . 
- O artigo discute o impacto das políticas governamentais na continuidade da educação durante a pandemia  .",Não abordado no jornal.,"- O artigo enfatiza a importância da análise crítica de várias fontes de conhecimento pelos estudantes  . 
- Tem como objetivo equipar os alunos com habilidades para aplicar o conhecimento praticamente  . 
- O currículo inclui o reconhecimento das capacidades do computador para a construção do conhecimento . 
- Os alunos são treinados para analisar a organização do texto e a influência nos estilos de escrita . 
- O resumo destaca a importância do planejamento nos processos de ensino e aprendizagem . 
- O artigo discute a multidimensionalidade do ensino e da aprendizagem .",Não abordado no jornal.,Não abordado no jornal.,Não abordado no jornal.,Não abordado no jornal.
625190.pdf?sequence=1.pdf,"- O artigo discute a importância da aprendizagem autodirigida (SDL) na educação, particularmente na África do Sul, destacando a necessidade de estratégias de ensino inovadoras para preparar os alunos para o século 21. 
- Ele enfatiza o papel da aprendizagem cooperativa, da aprendizagem baseada em problemas e da aprendizagem combinada no aprimoramento das habilidades de SDL entre os alunos. 
- A pesquisa é baseada em estudos empíricos e visa equipar os alunos com a capacidade de assumir a responsabilidade por sua própria aprendizagem. 
- As descobertas sugerem que as práticas tradicionais centradas no professor são inadequadas para promover a aprendizagem ao longo da vida. ","- A pesquisa empregou um design qualitativo, com foco na análise de trabalhos acadêmicos relacionados à aprendizagem autodirigida (SDL) e à reforma da educação matemática. 
- A análise de conteúdo foi utilizada como um procedimento sistemático para avaliar documentos impressos e eletrônicos, com o objetivo de extrair significado e desenvolver conhecimento empírico. 
- Foi formado um grupo de 30 professores estudantes de matemática do último ano, que trabalharam em várias tarefas matemáticas para avaliar suas capacidades de aprendizagem baseada em problemas (PBL), SDL e aprendizagem autorregulada (SRL). 
- O trabalho dos alunos foi avaliado semanalmente quanto à integridade, permitindo que eles trabalhassem de forma independente com o mínimo de interferência do professor. ","- A investigação revelou que os alunos do primeiro ano de LS tinham uma percepção geralmente positiva dos grupos de base cooperativa (CBGs), com a maioria das respostas caindo nas categorias “concordo parcialmente” e “concordo fortemente”. 
- A pontuação média mais alta foi para “Responsabilidade pelo próprio desempenho” (3,87), indicando que os alunos reconheceram sua responsabilidade apesar do trabalho em grupo. 
- Entrevistas qualitativas identificaram temas como relacionamentos de cuidado, valor acadêmico e habilidades sociais, apoiando ainda mais a experiência positiva dos estudantes em CBGs. 
- Alguns estudantes expressaram o desejo de usar CBGs em outras disciplinas, destacando seus benefícios percebidos. ","- A pesquisa aplicou testes práticos por meio do uso da escala de autoavaliação de aprendizagem autodirigida (SRSSDL) de Williamson no ensino superior, que foi administrada como pré-teste e pós-teste aos alunos participantes. 
- O SRSSDL compreendeu 60 itens categorizados em cinco áreas distintas de aprendizagem autodirigida, incluindo consciência, estratégias de aprendizagem, atividades de aprendizagem, avaliação e habilidades interpessoais. 
- As respostas para cada item do SRSSDL foram classificadas usando uma escala de cinco pontos, permitindo a análise quantitativa das habilidades de aprendizagem autodirigida. 
- A análise estatística incluiu estatísticas descritivas e inferenciais para avaliar os resultados do pré-teste e do pós-teste. 
- Os dados qualitativos também foram coletados por meio de perguntas abertas, planilhas de projetos semanais e narrativas reflexivas, que foram codificadas manualmente para identificar temas e subcategorias. ","- O principal objetivo de pesquisa do artigo é investigar as expectativas dos alunos em relação à aprendizagem autodirigida em um modo combinado de entrega. 
- Tem como objetivo avaliar se o primeiro curso de ensino misto atendeu a essas expectativas em relação à aprendizagem autodirigida. 
- O estudo emprega uma abordagem cognitivista para explorar as percepções dos alunos sobre grupos de base cooperativa (CBGs) e suas experiências com habilidades específicas relacionadas à redação acadêmica. 
- Além disso, busca compreender o impacto dos elementos da aprendizagem cooperativa no aprimoramento da aprendizagem autodirigida entre os alunos. ","- Os resultados da pesquisa indicam que os alunos têm expectativas específicas em relação à aprendizagem autodirigida em um modo combinado de entrega, que foram avaliadas por meio de suas percepções sobre grupos de base cooperativa (CBGs) .
- O estudo revelou que o primeiro curso de ensino misto atendeu a algumas dessas expectativas, destacando a importância de facilitar o aprendizado em pequenos grupos .
- Os alunos expressaram opiniões positivas sobre as habilidades que aprenderam, particularmente na redação acadêmica, e seu sucesso geral no curso .
- As descobertas enfatizam a necessidade de estratégias de ensino inovadoras que apoiem a aprendizagem autodirigida e a integração da tecnologia na educação .","- O artigo destaca a importância da aprendizagem autodirigida no contexto de mudanças nas demandas educacionais, particularmente na África do Sul e internacionalmente. 
- Ele enfatiza a necessidade de estratégias de ensino inovadoras, como aprendizagem cooperativa e aprendizagem combinada, para aprimorar as habilidades de aprendizagem autodirigida entre os alunos. 
- A pesquisa identifica os desafios que os alunos enfrentam na aprendizagem autodirigida, particularmente em ambientes de aprendizagem combinada, e sugere que os aspectos organizacionais precisam ser esclarecidos. 
- Ele discute o papel dos educadores no apoio à aprendizagem autodirigida dos alunos e a importância da confiança mútua nos valores educacionais. ","- O estudo relatou as expectativas dos alunos em relação à aprendizagem autodirigida no ensino misto, destacando que essas expectativas foram influenciadas pelo grau de aprendizagem autodirigida exigido no ambiente on-line. 
- Embora os alunos tivessem expectativas positivas em relação ao ensino misto, foram identificados desafios, como a necessidade de elementos organizacionais claros para ajudar a estruturar seu trabalho, especialmente para usuários iniciantes do aprendizado combinado. 
- Além disso, a TIC apropriada foi considerada necessária para facilitar a interação on-line eficaz, enfatizando que ela deveria apoiar, em vez de dificultar, a experiência de aprendizado combinado. ","- O artigo destaca a importância dos grupos de base cooperativa (CBGs) no aprimoramento das habilidades de aprendizagem autodirigida (SDL) entre os alunos, sugerindo que os CBGs fornecem apoio acadêmico e pessoal, o que é crucial para o desenvolvimento do aluno. 
- Ele enfatiza a necessidade de os educadores adotarem estratégias de ensino inovadoras que se alinhem aos princípios do SDL e da teoria da capacidade, atendendo às necessidades individuais dos alunos e, ao mesmo tempo, melhorando os resultados educacionais. 
- Os resultados indicam que atividades em grupo estruturadas podem promover habilidades sociais, motivação e senso de responsabilidade entre os alunos, essenciais para a aprendizagem ao longo da vida no século 21.  ","- O estudo identifica desafios na concepção e desenvolvimento de cursos de ensino misto que precisam ser abordados para apoiar ainda mais a aprendizagem autodirigida, como a necessidade de elementos organizacionais claros para sustentar o trabalho dos alunos. 
- Há uma falta de exploração sobre os papéis específicos de professores e alunos no ambiente de aprendizado combinado, particularmente como esses papéis evoluem para apoiar a aprendizagem autodirigida. 
- A pesquisa não cobre extensivamente o impacto das TIC apropriadas na facilitação da interação on-line eficaz, o que é crucial para aprimorar as experiências de aprendizado combinado. ","- O estudo utilizou entrevistas com professores estudantes e formadores de professores como um dos principais conjuntos de dados. 
- Ensaios reflexivos contribuíram para o conjunto de dados, fornecendo informações sobre as experiências de aprendizagem dos participantes. 
- As discussões no Blackboard também foram analisadas, adicionando outra camada de dados sobre as interações e percepções dos alunos. 
- A análise empregou códigos éticos, especificamente o SDLRS de Williamson (2007), que é um instrumento válido e confiável para avaliar os níveis de autodireção na aprendizagem. 
- Além disso, vídeos de aulas de ensino baseadas em casos foram analisados, com foco nos elementos visuais e de áudio do envolvimento dos alunos. ","- A declaração do problema discutida no artigo gira em torno da inadequação das práticas tradicionais centradas no professor nas escolas e instituições de ensino superior sul-africanas, que não conseguem preparar os estudantes para a aprendizagem ao longo da vida no século 21.  
- Ele destaca a necessidade de os alunos desenvolverem habilidades de aprendizagem autodirigida para assumirem a responsabilidade por sua própria aprendizagem em meio a um cenário educacional em rápida mudança.  
- O artigo enfatiza a necessidade de estratégias de ensino inovadoras, como aprendizagem cooperativa e aprendizagem baseada em problemas, para aprimorar a aprendizagem autodirigida e atender às crescentes demandas da educação. ","Os contextos fornecidos não contêm informações específicas sobre o tamanho da amostra da população ou os métodos de amostragem usados na pesquisa. Portanto, não é possível fornecer uma resposta detalhada sobre esse tópico com base nas informações disponíveis.","- A pesquisa conclui que grupos de base cooperativa (CBGs) aprimoram significativamente as habilidades de aprendizagem autodirigida (SDL) entre os estudantes, fornecendo apoio acadêmico e pessoal. 
- Destaca a importância da interação social e do desenvolvimento de habilidades sociais, que contribuem para os sentimentos de pertencimento e apoio dos alunos. 
- O estudo indica que as práticas tradicionais centradas no professor são inadequadas para preparar os alunos para a aprendizagem ao longo da vida no século 21, necessitando de estratégias de ensino inovadoras. 
- Além disso, sugere que a aprendizagem autodirigida deve ser integrada à teoria da capacidade para enriquecer sua base teórica. ","- A revisão da literatura discute a aprendizagem autodirigida principalmente no contexto da pesquisa sobre educação de adultos, destacando sua classificação como uma das três formas de aprendizagem informal. 
- Faz referência à definição de Knowles, que enfatiza a responsabilidade do aluno em identificar necessidades, estabelecer metas e avaliar resultados sem o apoio do professor. 
- A revisão contrasta as visões sobre a aprendizagem autodirigida na educação formal, observando que, embora as oportunidades de autodireção sejam limitadas, elas ainda podem ser desenvolvidas por meio de várias abordagens instrucionais. 
- Ele reconhece a necessidade de aprendizagem autodirigida para a sobrevivência pessoal e profissional em um cenário de informações em rápida mudança. ","Os contextos fornecidos não especificam as variáveis dependentes usadas no estudo. Portanto, as informações necessárias não podem ser geradas a partir dos contextos disponíveis.","Os contextos fornecidos não especificam as variáveis independentes usadas no estudo. Portanto, não é possível fornecer uma resposta detalhada sobre as variáveis independentes.","- Pesquisas futuras devem se concentrar na aplicação do iSizulu e de outras línguas indígenas africanas no ensino, aprendizagem e pesquisa em vários campos do ensino superior. Isso inclui explorar como esses idiomas podem melhorar a alfabetização acadêmica entre os estudantes. 
- Além disso, mais estudos exploratórios são necessários para investigar estratégias inovadoras de ensino e aprendizagem que apóiem a aprendizagem autodirigida, particularmente no contexto de ambientes de aprendizagem combinada. Esta pesquisa deve ter como objetivo identificar métodos eficazes para integrar a aprendizagem autodirigida aos currículos para atender às crescentes demandas da educação. "
"INSTITUTO FEDERAL DE EDUCAÇÃO, CIÊNCIA E TECNOLOGIA  DA PARAÍBA - PPC_-_Atualizado_2019_11_03_2019.pdf","- O artigo discute a reformulação do curso de Licenciatura em Ensino de Ciência da Computação e Informática para se alinhar às diretrizes curriculares nacionais .
- Ele enfatiza a importância dos padrões técnicos na preparação de documentos e estudos de computação avançada    .
- O conteúdo inclui princípios de engenharia de software, modelos de ciclo de vida e metodologias ágeis . 
- Também destaca a importância de compreender as teorias e práticas de avaliação na educação  .","- O artigo discute métodos e ferramentas para análise e especificação de software  .
- Enfatiza a importância dos padrões técnicos para a preparação de documentos  .
- A metodologia de ensino inclui ferramentas de interação on-line e videoconferência .
- O artigo visa reformular o currículo de acordo com as diretrizes nacionais .","- O artigo visa reformular o Currículo da Licenciatura em Computação e Informática de acordo com as diretrizes curriculares nacionais .
- Ele enfatiza a compreensão dos padrões técnicos para preparação de documentos    .
- O estudo incentiva o interesse em tópicos avançados no campo da computação    .
- Conceitos básicos de Engenharia de Software são explorados  .
- Os elementos do software também são estudados como parte da reforma curricular  .",Não abordado no jornal.,"- O artigo tem como objetivo fornecer formação de professores em computação e informática para práticas pedagógicas na educação básica e técnica .
- Ele busca equipar futuros educadores para melhorar o desenvolvimento cognitivo dos alunos .
- A pesquisa promove a análise e o desenvolvimento de métodos e softwares educacionais .
- Incentiva a exploração contínua de ferramentas computacionais e educacionais para melhorar as condições de vida da comunidade .
- Os objetivos incluem promover o pensamento crítico e criativo para identificação e resolução de problemas .
- O estudo visa estimular a autoaprendizagem e a participação em atividades de pesquisa e extensão .
- Ele enfatiza o conhecimento e o uso de várias mídias no processo educacional .
- O resumo indica uma reformulação do curso de acordo com as diretrizes curriculares nacionais .","- O artigo enfatiza o estudo de conceitos básicos de Engenharia de Software  .
- Ele destaca a importância de entender os padrões técnicos para a preparação de documentos .
- A pesquisa incentiva o interesse em tópicos de computação avançada .
- Ele discute o estudo de elementos de software  .
- O artigo aborda a diferenciação entre conceitos de reengenharia e engenharia reversa .
- O resumo indica uma revisão pedagógica com o objetivo de reformular o curso de graduação em Computação e Informática .","- O artigo discute conceitos básicos de Engenharia de Software como uma contribuição fundamental para o currículo  . 
- Enfatiza a importância das normas técnicas para a preparação de documentos . 
- O artigo visa estimular o interesse em tópicos de computação avançada entre estudantes . 
- Ele destaca o papel do professor de conteúdo em auxiliar os alunos com atividades individuais e em grupo  . 
- O professor de conteúdo também é responsável pelo desenvolvimento dos materiais do módulo do curso  . 
- O resumo indica uma revisão pedagógica com o objetivo de reformular o programa de graduação em Computação e Informática de acordo com as diretrizes nacionais .",Não abordado no jornal.,"- O artigo enfatiza a importância de entender os padrões técnicos para a preparação de documentos no ensino de computação    .
- Incentiva os alunos a se envolverem com tópicos avançados em computação, aprimorando seus conhecimentos e habilidades    .
- O curso inclui atividades teóricas e práticas on-line, utilizando vários recursos educacionais para auxiliar na compreensão  .
- Os alunos aprofundarão seus conhecimentos por meio de projetos que simulam cenários profissionais, aplicando técnicas específicas para resolver problemas de computação  .
- O artigo descreve uma reforma pedagógica que visa alinhar o currículo com as diretrizes nacionais para o ensino de computação .",Não abordado no jornal.,Não abordado no jornal.,"- O artigo discute a necessidade de inclusão, respeitando a pluralidade da sociedade humana  .
- Ele enfatiza a compreensão das normas de segurança tanto em fatos quanto em leis  .
- O papel do corpo docente inclui detectar problemas dos alunos e buscar soluções .
- Tem como objetivo aprofundar o conhecimento por meio de projetos práticos relevantes para a prática profissional .
- A reforma curricular se alinha às diretrizes nacionais para educação em computação e informática .",Não abordado no jornal.,"- O artigo enfatiza a importância de entender os padrões técnicos para a preparação de documentos no ensino de computação    .
- Tem como objetivo estimular o interesse em tópicos avançados no campo da computação    .
- O estudo destaca a necessidade de compreender conceitos básicos em Engenharia de Software  .
- Conclui que os alunos devem estar equipados para compreender os fundamentos da integração de software e gerenciar as principais estruturas de desenvolvimento  .
- O resumo indica uma revisão pedagógica com o objetivo de reformular o programa de graduação em Computação e Informática de acordo com as diretrizes curriculares nacionais .",Não abordado no jornal.,Não abordado no jornal.,Não abordado no jornal.,"- Pesquisas futuras devem se concentrar no desenvolvimento de materiais didáticos usando tecnologia infográfica bidimensional e tridimensional . 
- Investigar o uso de produções multimídia para fins educacionais é essencial . 
- Compreender conceitos relacionados à Engenharia de Software é uma área chave para exploração futura . 
- A pesquisa de questões ambientais e sua evolução histórica também é destacada . 
- O artigo enfatiza a necessidade de desenvolvimento cognitivo em futuros educadores . 
- O resumo indica uma reformulação do Curso de Ensino de Computação e Informática alinhada às diretrizes curriculares nacionais, sugerindo novas pesquisas curriculares ."
